Distance,curvature,predicted_speed
0.0,-0.0005233220044509127,156.82974779875957
9.39986454827737,-0.0007830593530922145,132.12856123517588
18.80712691092945,-0.0010389392915314893,173.92934897554704
28.22177693711093,-0.00103256123736991,173.92934897554704
37.64379197463246,-0.0010263162293496374,174.26975697331594
47.07313721576673,-0.00102020716320273,174.26975697331594
56.509766041340015,-0.0010142367335210557,174.56048293518853
65.95362036297814,-0.0010084074435788408,174.56048293518853
75.40463096340166,-0.001002721614961435,174.56048293518853
84.86271783467683,-0.000997181397016422,174.5467303232995
94.32779051433417,-0.0009917887760865106,174.30699545453157
103.79974841929563,-0.000986545584495189,174.30699545453157
113.27848117755427,-0.0009814535093097345,160.70775179427525
122.76386895755991,-0.0009765141008365284,160.60238514135622
132.25578279528722,-0.000971728780847928,154.43366996190002
141.75408491896025,-0.000967098850543582,154.31156084490934
151.25862907143076,-0.0009626254982232028,149.952508401284
160.76926083020672,-0.000958309806675025,146.06228270199446
170.28581792514228,-0.0009541527602835986,141.25448079283774
179.80813055380924,-0.0009501552518449961,139.91750740952256
189.33602169457728,-0.000946318089084609,139.95688822489163
198.8693074174359,-0.0009426420008973579,139.91977195002772
208.40779719260138,-0.0009391276432777478,138.24034703294342
217.95129419695797,-0.0009357756049688751,134.98060544968703
227.49959561839057,-0.0009325864128466335,134.5670323065428
237.05249295806422,-0.0009295605369862171,135.16478449141917
246.6097723307242,-0.0009266983954578692,135.18608603417587
256.17121476308375,-0.0009240003588602546,134.9287515471195
265.7365964903796,-0.0009214667545629855,134.4416372935146
275.30568925117205,-0.0009190978706749508,133.6730022216138
284.8782605804798,-0.0009168939597571638,134.0290622780226
294.4540741013357,-0.0009148552422691852,134.99160391639333
304.0328898148555,-0.0009129819097511488,135.13099749790507
313.6144643889172,-0.0009112741277525617,135.27914783360345
323.1985514455464,-0.0009097320385040947,135.27914783360345
332.7849018471128,-0.000908355763351176,130.96020470646437
342.37326398143875,-0.000907145404926554,125.3561260323628
351.9633840459228,-0.0009061010490879775,113.81302724473127
361.55500633079276,-0.0009052227666266487,107.11325660354767
371.14787350158963,-0.0009045106147081098,103.32805154900176
380.741726880999,-0.0009039646381070335,99.73700433544802
390.3363067301361,-0.0009035848701967733,99.17514377457421
399.9313525294009,-0.0009033713336941715,98.36922937041336
409.5266032590163,-0.0009033240412021339,98.28211198795283
419.12179767935913,-0.0009034429954984522,98.24033492215065
428.71667461120654,-0.0009037281895912876,98.7481636434071
438.3109732160023,-0.0009041796065626319,99.05096671494525
447.90443327626366,-0.0009047972191843436,101.94796437838153
457.4967954762423,-0.0009055809892770261,104.80541352022477
467.08780168295186,-0.0009065308668540162,108.82960905176853
476.6771952276734,-0.0009076467890426415,110.08269833157436
486.2647211880564,-0.0009089286787506551,115.42618763499644
495.8501266709168,-0.0009103764431109931,119.39381314218355
505.43316109585646,-0.0009119899716767063,119.39381314218355
515.0135764797964,-0.0009137691343784449,119.39381314218355
524.591127722541,-0.0009157137792487464,119.28066744147907
534.1655728934751,-0.0009178237298778281,119.18178608268926
543.7366735194942,-0.0009200987826316678,119.41021932323872
553.3041948742728,-0.0009225387036196019,120.077318142661
562.867906268959,-0.0009251432253925099,120.27535434695393
572.4275813444036,-0.0009279120433917339,120.61282587500305
581.9829983650001,-0.000930844812117532,120.44412181290417
591.5339405142305,-0.0009339411410410369,122.11575669923671
601.0801961920029,-0.0009372005902451428,125.51619784648709
610.6215593138529,-0.0009406226657779861,129.37530324708143
620.1578296120894,-0.0009442068147360978,132.4897186470856
629.6888129389505,-0.0009479524200575168,132.7390746419075
639.214321571839,-0.000951858795034744,132.85710123213525
648.7341745206888,-0.000955925177540446,137.8462453289665
658.2481978375223,-0.0009601507239572919,137.97695863487783
667.756224928242,-0.000964534502825435,141.1590478243832
677.2580968666931,-0.0009690754881969951,143.63234392649082
686.7536627110309,-0.0009737725526894677,143.99985483913616
696.2427798224187,-0.0009786244602598966,143.19868799521836
705.7253141860681,-0.0009836298586917357,139.75329691702223
715.2011407346288,-0.0009887872717993789,136.24193013728333
724.6701436739239,-0.0009940950913495089,132.24447945300278
734.1322168110225,-0.0009995515687179332,132.1264795837032
743.5872638846168,-0.0010051548062803906,132.08006588759793
753.0351988976762,-0.001010902748541493,131.85728572475745
762.475946452328,-0.001016793173055096,131.62542302806776
771.909442086903,-0.001022823681092683,131.94626478016235
781.3356326150787,-0.0010289916880975298,135.0243921226963
790.7544764670272,-0.0010352944139893601,134.44046554353787
800.1659440324727,-0.0010417012692764422,134.6490451888656
809.5700180055359,-0.0010472686838052336,137.73655606852043
818.966703840619,-0.0010499247897785304,138.24583050188915
828.3563459462151,-0.0010492608535626847,138.24583050188915
837.7396787573912,-0.0010471251394756592,155.91879537540112
847.1174508660324,-0.0010446845727786482,157.02863911027006
856.490401625682,-0.0010420093620115266,157.73610024729797
865.8592610077196,-0.0010391042502494688,157.98689252235297
875.2247494645309,-0.0010359742075063526,157.98689252235297
884.5875777997483,-0.001032624416012193,158.2733733879188
893.9484470456359,-0.0010290602551730707,159.7471493752296
903.3080483476674,-0.0010252872863262049,154.67129998397218
912.6670628563387,-0.0010213112373435953,156.2732794855625
922.0261616262313,-0.0010171379871342966,157.83789694152452
931.3860055223373,-0.0010127735501469827,160.74593732560044
940.7472451336382,-0.001008224060902554,161.6794384862386
950.110520693913,-0.0010034957586358651,162.17278378958818
959.4764620097387,-0.0009985949721068776,161.76255588710802
968.8456883956425,-0.0009935281046219414,160.4626192709662
978.2188086163274,-0.0009883016193200373,160.5437355158642
987.5964208359162,-0.00098292202479214,161.31206920023962
996.9791125741103,-0.000977395861053617,161.1777599606672
1006.3674606691811,-0.0009717296859055696,160.76184345719537
1015.7620312476771,-0.0009659300617582797,138.13779082405864
1025.1633797007335,-0.0009600035429121813,131.5563821825238
1034.572050666859,-0.0009539566633330651,115.20577039821029
1043.9885780210661,-0.0009477959249654211,113.45920576740069
1053.4134848702001,-0.0009415277865794479,111.27129308791707
1062.8472835543191,-0.000935158653180143,104.78258348245481
1072.2904756539767,-0.0009286948660100307,101.8590133493786
1081.7435520032302,-0.0009221426931084236,93.76124226707661
1091.2069927082305,-0.0009155083204862884,91.93815698968662
1100.681267171206,-0.0009087978438933683,91.93815698968662
1110.166834119672,-0.0009020172611614654,87.02919742319463
1119.664141640694,-0.0008951724651760157,86.46521062160394
1129.1736272200158,-0.0008882692374025459,86.35900060451102
1138.6957177858833,-0.0008813132420148012,86.48989313824231
1148.2308297573659,-0.0008743100205966288,88.49458988262951
1157.7793690970072,-0.0008672649873738203,91.00538670402875
1167.34173136761,-0.000860183425031281,92.10882933966981
1176.918301792976,-0.0008530704810408258,92.73513847191214
1186.5094553224192,-0.0008459311644964162,93.13569115743756
1196.1155566988637,-0.0008387703434526388,94.27180353950533
1205.7369605303527,-0.0008315927427473407,94.27180353950533
1215.3740113647839,-0.0008244029422802946,94.27180353950533
1225.0270437676961,-0.0008172053756974604,94.27180353950533
1234.6963824029335,-0.0008100043295398606,96.45682015145576
1244.3823421160141,-0.0008028039427570148,96.93113398093881
1254.0852280200327,-0.0007956082065822943,99.23751767529816
1263.8053355839347,-0.0007884209647979259,102.02855257746086
1273.542950722997,-0.0007812459142789892,105.07212153985868
1283.2983498913545,-0.0007740866058783119,105.07212153985868
1293.0718001764283,-0.0007669464456007109,105.07212153985868
1302.8635593950873,-0.0007598286960081469,120.94697029267925
1312.673876191411,-0.0007527364778969404,130.71820596320532
1322.5029901359035,-0.0007456727721881736,131.3808012502093
1332.3511318260232,-0.0007386404220252373,131.3808012502093
1342.218522987895,-0.0007316421350513218,133.766191342507
1352.1053765790678,-0.0007246804858541583,136.4227489103301
1362.0118968922047,-0.0007177579185664476,141.1039971748331
1371.9382796595723,-0.0007108767495802797,141.54227011530125
1381.8847121582246,-0.0007040391703960137,141.54227011530125
1391.851373315758,-0.0006972472505609773,141.99497738932664
1401.83843381654,-0.0006905029406897147,146.75047890611367
1411.8460562083053,-0.0006838080755670972,150.51577970763395
1421.8743950090152,-0.0006771643772943527,151.8566688176203
1431.9235968138955,-0.0006705734584885703,152.8351172723294
1441.9938004025564,-0.0006640368255190808,153.1518948678792
1452.0851368461115,-0.0006575558817514116,153.81247891005347
1462.1977296142113,-0.0006511319308244068,154.0359625510659
1472.3316946819202,-0.0006447661799152647,155.4623779878939
1482.487140636352,-0.0006384597429962531,155.89589986305657
1492.6641687830088,-0.0006322136440992849,155.83839146850997
1502.8628732517434,-0.0006260288205297489,159.66081000956333
1513.0833411022945,-0.0006199061260773331,160.95388418212468
1523.3256524293263,-0.0006138463341773326,161.35038256701768
1533.5898804669241,-0.0006078501410278801,161.70730292538983
1543.8760916924948,-0.000601918168694542,161.73683458721726
1554.184345930015,-0.0005960509681239163,162.41815078828142
1564.514696452592,-0.0005902490221203131,163.66681259013146
1574.8671900842917,-0.000584512748284416,163.70214083372863
1585.241867301189,-0.0005788425018637504,163.70214083372863
1595.6387623316145,-0.000573238578556954,163.49522092193806
1606.0579032555538,-0.0005677012172449938,160.63144926602214
1616.4993121031748,-0.0005622306026612336,160.3799524651536
1626.9630049524546,-0.0005568268679993852,160.10595863478855
1637.4489920258748,-0.0005514900974309176,157.30415993823533
1647.9572777861654,-0.0005462203285770468,148.41336937037485
1658.4878610310814,-0.0005410175549010251,147.59053248485836
1669.040734987179,-0.0005358817280154368,147.59053248485836
1679.6158874025843,-0.000530812759936504,146.8989045400993
1690.213300638746,-0.0005258105252652196,143.4693547765666
1700.8329517611355,-0.0005208748632869705,141.22292147693662
1711.4748126289105,-0.0005160055800054159,138.94133937244916
1722.1388499835123,-0.0005112024501137644,133.12666086417585
1732.8250255361963,-0.0005064652188828364,127.799431665426
1743.5332960544924,-0.0005017936039949494,119.80974903155641
1754.2636134475808,-0.0004971872973068398,113.30456033019449
1765.0159248505859,-0.0004926459665334429,111.08073974143461
1775.7901727077874,-0.0004881692568854599,109.89566035169453
1786.5862948547394,-0.00048375679262706306,109.89566035169453
1797.404224599306,-0.00047940817859187806,109.89566035169453
1808.243890801608,-0.00047512300161988504,109.89566035169453
1819.105217952885,-0.0004709008319247003,109.67512767044431
1829.9881262532776,-0.00046674122443960195,109.36929687045796
1840.8925316885295,-0.0004626437200784868,109.30631832146102
1851.8183461056171,-0.00045860784693875994,109.30631832146102
1862.7654772873118,-0.0004546331214751305,109.30631832146102
1873.7338290256816,-0.00045071904960493055,109.31114939625544
1884.7233011945307,-0.00044686512775126314,109.35218529740429
1895.7337898208043,-0.0004430708438657952,109.78544528845784
1906.7651871549426,-0.000439335678382825,111.38018787082994
1917.8173817402117,-0.0004356591051372754,111.6808810751599
1928.890258481008,-0.000432040592242645,112.00954169777678
1939.9836987101553,-0.00042847960290109645,112.93415248593031
1951.097580255195,-0.0004249755962059964,116.41324315138141
1962.2317775036925,-0.0004215280278871595,125.28982172743798
1973.3861614675552,-0.0004181363510174126,126.99790251815561
1984.5605998463873,-0.00041480001668864726,130.16867416040176
1995.754957089884,-0.0004115184746435964,130.16867416040176
2006.9690944592803,-0.0004082911738836517,130.16867416040176
2018.2028700878661,-0.00040511756323561313,130.16867416040176
2029.4561390405797,-0.0004019970918990169,130.42589862160975
2040.728753372693,-0.00039892920995121035,130.42589862160975
2052.020562187596,-0.0003959133688209259,132.5425876014688
2063.3314116937017,-0.00039294902174764174,139.39505372207861
2074.6611452604775,-0.0003900356242050409,141.22452559418002
2086.009603473619,-0.0003871726343093037,146.16056623671645
2097.376624189379,-0.00038435951319039147,149.5663157426038
2108.7620425880623,-0.00038159572534007667,150.72654577392157
2120.165691226705,-0.00037888073894813023,151.12904649165495
2131.587400090943,-0.00037621402621679044,151.44053584053086
2143.026996646097,-0.0003735950636514442,151.28132117048278
2154.4843058874635,-0.00037102333232349793,151.20056959649702
2165.9591503898564,-0.00036849831812642227,151.2780613421391
2177.451350356385,-0.0003660195120126186,152.48504457733534
2188.9607236664933,-0.0003635864102165967,152.48504457733534
2200.487085923279,-0.0003611985144536198,152.560731632527
2212.03025050009,-0.0003588553321036434,152.560731632527
2223.590028586432,-0.00035655637639472816,152.64640045140152
2235.1662292331757,-0.0003543011665541138,154.747019295326
2246.7586593971014,-0.0003520892279620967,160.47018793902203
2258.3671239847786,-0.0003499200922968809,161.1933137796931
2269.991425895789,-0.0003477932976360425,161.3240354831042
2281.6313660653277,-0.00034570838858285694,161.35582574153207
2293.286743506173,-0.00034366491637845503,161.69045153032593
2304.957355350042,-0.00034166243897827366,161.4929558603888
2316.642996888358,-0.00033970052114610036,159.13749642877892
2328.3434616124237,-0.00033777873453188595,159.70545897242553
2340.058541253025,-0.0003358966577338558,159.77995917116948
2351.7880258194728,-0.00033405387635762135,160.7312949356451
2363.531703638092,-0.0003322499830740695,161.09797286905538
2375.289361390179,-0.00033048457766691195,160.31377159066423
2387.0607841494243,-0.0003287572670644611,160.68227408253853
2398.845755418836,-0.00032706766537911916,160.8142978487832
2410.644057167143,-0.0003254153939346008,160.8142978487832
2422.455469864719,-0.0003238000812927241,161.53549646235132
2434.279772519026,-0.00032222136327340455,167.7622006768932
2446.1167427095816,-0.00032067888295073224,172.36120135989623
2457.9661566224786,-0.000319172290682397,175.33750997304114
2469.827789084453,-0.0003177012441151549,180.28420559258535
2481.7014135965146,-0.00031626540817430684,180.52443506147824
2493.586802367161,-0.00031486445507846253,180.81309879110574
2505.483726345165,-0.0003134980643174066,180.81309879110574
2517.391955251971,-0.0003121659226562259,181.12573907151472
2529.31125761369,-0.00031086772413529707,181.40127853250254
2541.2414007927177,-0.00030960317003766915,181.50326129653092
2553.182151018969,-0.00030837196888979407,181.61207322767305
2565.1332734207654,-0.0003071738364461366,181.72458181563334
2577.094532055359,-0.00030600849566510486,181.26002129511897
2589.065689939112,-0.0003048756766902171,179.949227680864
2601.0465090773546,-0.00030377511683534104,171.8210769436552
2613.036750493906,-0.00030270656056614317,171.38345450865904
2625.03617426029,-0.00030166975946427073,171.38345450865904
2637.044539524647,-0.000300664472216633,170.517621111921
2649.06160454034,-0.0002996904645899495,169.08156043607033
2661.0871266942904,-0.0002987475093981083,162.09584246408537
2673.120862535023,-0.0002978353864874455,152.646081794905
2685.162567800453,-0.00029695388270321854,151.15647568898763
2697.211997445408,-0.00029610279186543723,151.22378299085796
2709.2689056689032,-0.0002952819147515786,151.00254145905564
2721.333045941178,-0.0002944910590589384,148.8727732684025
2733.404171030491,-0.000293730039384737,148.86645391527654
2745.482033029704,-0.00029299867720498674,144.86094088643702
2757.56638338264,-0.0002922968008366009,138.87144001236894
2769.656972910241,-0.0002916242454245883,131.4881034599622
2781.7535518365253,-0.0002909808529135659,126.83057097204988
2793.8558698143506,-0.00029036647201910394,125.94096997057105
2805.9636759510086,-0.00028978095821617715,125.20194725347932
2818.0767188336285,-0.00028922417369995636,125.25334859520956
2830.1947465544276,-0.00028869598737238963,124.48617642287654
2842.3175067358034,-0.00028819627483047457,124.60079192903804
2854.444746555266,-0.00028772491832588864,124.60079192903804
2866.576212770249,-0.0002872818067555551,124.8102041014776
2878.711651742762,-0.00028686683564249415,125.34408526846647
2890.8508094639424,-0.00028647990711821184,128.88189824676184
2902.9934315784717,-0.0002861209299039447,135.03315206634423
2915.1392634088875,-0.0002857898192912899,138.78435066164604
2927.2880499798007,-0.0002854864971376847,141.0222260958994
2939.4395360420012,-0.00028521089183597734,141.0222260958994
2951.593466096497,-0.0002849629383140699,142.5499671234475
2963.749584418461,-0.0002847425780255184,145.78496779360597
2975.9076350811047,-0.00028454975892166275,146.83826417925
2988.0673619795016,-0.00028438443545685866,146.82854949903492
3000.228508854337,-0.0002842465685824541,145.96397249574775
3012.3908193156253,-0.00028413612572711567,143.37351151464858
3024.5540368663706,-0.00028405308079204513,143.0843698485247
3036.7179049262054,-0.0002839974141558869,141.89103567065717
3048.8821668549967,-0.0002839691126694695,135.10034286163668
3061.046565976435,-0.00028396816964539187,135.10034286163668
3073.21084560161,-0.0002839945848576686,136.16333252976446
3085.37474905259,-0.00028404836454772395,137.65722166063378
3097.5380196859874,-0.00028412952142577906,137.99065673823986
3109.7004009165594,-0.0002842380746663413,136.17606949254497
3121.8616362408034,-0.00028437404991658795,131.27385120597538
3134.0214692605964,-0.000284537479303304,115.76535602766076
3146.179643706856,-0.00028472840142953245,106.72018116828276
3158.3359034632485,-0.00028494686139054283,105.48630007312973
3170.489992589943,-0.00028519291078677047,104.90027898165526
3182.641655347421,-0.00028546660772158194,104.9124281246365
3194.790636220354,-0.00028576801681146893,104.43698301377974
3206.9366799415416,-0.00028609720920954473,104.71383298296095
3219.0795315159435,-0.0002864542626157414,104.95302850955426
3231.2189362447834,-0.00028683926128165744,104.95302850955426
3243.354639749754,-0.0002872522960314671,104.95302850955426
3255.486387997323,-0.0002876934642788273,104.95302850955426
3267.6139273231474,-0.00028816287004394245,104.95302850955426
3279.7370044566082,-0.0002886606239754047,105.64844975214297
3291.855366545463,-0.00028918684335974785,107.43051681679319
3303.968761180636,-0.0002897416521434394,107.73149787070615
3316.0769364211533,-0.00029032518096218726,108.04329150097307
3328.1796408192154,-0.00029093756715488047,108.04329150097307
3340.2766234454366,-0.00029157895478228624,108.12420430193482
3352.3676339142476,-0.0002922494946632509,109.74019089286702
3364.452422409463,-0.0002929493443889102,127.15756834941536
3376.530739710042,-0.0002936786683414502,130.80475827630596
3388.602337216027,-0.00029443763773156963,129.9551307682329
3400.66696697469,-0.0002952264306136658,133.73148086134336
3412.724381706879,-0.0002960452319113837,134.2421303995269
3424.7743348335766,-0.0002968942334537631,133.5023394179919
3436.816580502694,-0.0002977736339894226,133.31320652875817
3448.850873616076,-0.00029868363920999743,133.12831813494608
3460.876969856772,-0.00029962446179042997,133.8919721086044
3472.8946257165335,-0.00030059632140558225,136.41957186290688
3484.903598523583,-0.0003015994447508771,136.59178485884522
3496.9036464706455,-0.0003026340655772835,137.3282697956316
3508.894528643258,-0.0003037004247089415,139.36365048169816
3520.8760050483597,-0.0003047987700657309,145.21657319891153
3532.847836643186,-0.00030592935669820844,146.7681867510289
3544.809785364452,-0.0003070924468019019,149.11751509772358
3556.7616141578687,-0.0003082883097306162,150.1553359277051
3568.703087007959,-0.0003095172220281947,149.0888384940891
3580.6339689682272,-0.00031077946745187437,149.40509315005198
3592.55402619166,-0.0003120753369740434,156.9616885382339
3604.463025961574,-0.0003134051288047384,158.96484366112637
3616.360736722846,-0.00031476914841308803,160.17303022600925
3628.2469281134863,-0.00031616770852740977,160.17303022600925
3640.1213709966228,-0.0003176011291535322,160.67406646371106
3651.9838374928545,-0.00031906973757789834,160.9400685972669
3663.8341010130243,-0.0003205738683662093,160.9400685972669
3675.6719362913964,-0.00032211386337544076,160.9400685972669
3687.4971194192563,-0.000323690071743682,160.9400685972669
3699.309427878958,-0.00032530284988854623,160.61021867215175
3711.1086405783994,-0.0003269525614993659,160.61021867215175
3722.8945378859667,-0.00032863957751168434,160.61021867215175
3734.666901665945,-0.00033036427610201916,160.61021867215175
3746.4255153144004,-0.0003321270426644799,160.61021867215175
3758.1701637955634,-0.00033392826977222923,160.61021867215175
3769.9006336787006,-0.0003357683571531831,160.61021867215175
3781.6167131755165,-0.00033764771164732175,160.61021867215175
3793.3181921780647,-0.00033956674716110617,160.36124492818556
3805.0048622972017,-0.00034152588461705075,160.36124492818556
3816.676516901595,-0.0003435255518886236,160.36124492818556
3828.3329511572806,-0.00034556618374213485,160.36124492818556
3839.9739620678033,-0.00034764822174847287,160.36124492818556
3851.599348514937,-0.0003497721142124671,160.36124492818556
3863.208911300001,-0.0003519383160794813,160.36124492818556
3874.802453185793,-0.00035414728881119037,160.03222905472882
3886.3797789391338,-0.0003563995003029178,159.27243846885153
3897.9406953740595,-0.0003586954247489561,159.27243846885153
3909.485011395651,-0.0003610355424915891,159.27243846885153
3921.0125380445265,-0.00036342033990082785,159.27243846885153
3932.5230885420156,-0.0003658503091982708,159.27243846885153
3944.016478336002,-0.00036832594827673304,159.27243846885153
3955.4925251474883,-0.00037084776054213003,159.27243846885153
3966.9510490178504,-0.00037341625468335037,159.27243846885153
3978.3918723568363,-0.0003760319444521155,159.29443386632337
3989.8148199912935,-0.0003786953484596797,159.29443386632337
4001.2197192146455,-0.00038140698990294866,159.24669096894942
4012.6063998371465,-0.00038416739628591254,159.19646952087953
4023.974694236898,-0.00038697709914973816,159.19646952087953
4035.324437411674,-0.0003898366337587336,157.5422239117553
4046.6554670315345,-0.000392746538760644,157.5422239117553
4057.9676234922695,-0.000395707355848615,157.5422239117553
4069.2607499696687,-0.0003987196293796025,157.1812489492627
4080.534692474634,-0.0004017839059690394,157.1812489492627
4091.7892999091564,-0.00040490073407342024,157.1812489492627
4103.024424123157,-0.0004080706635448228,157.1812489492627
4114.239919972207,-0.0004112942451438075,157.1812489492627
4125.43564537616,-0.00041457203002443724,157.1812489492627
4136.611461378673,-0.0004179045692157288,157.1812489492627
4147.767232207662,-0.00042129241305389033,156.93805502885905
4158.902825336689,-0.00042473611055489835,156.7242295345658
4170.01811154728,-0.00042823620879645763,156.4664062645715
4181.112964992227,-0.0004317932522672941,156.4664062645715
4192.187263259828,-0.00043540778212523937,156.4664062645715
4203.240887439131,-0.0004390803354674715,156.4664062645715
4214.273722186158,-0.00044281144455684103,156.4664062645715
4225.285655791122,-0.0004466016359787733,156.4664062645715
4236.276580246672,-0.00045045142977828483,156.4664062645715
4247.246391317149,-0.00045436133854832595,156.4664062645715
4258.19498860887,-0.0004583318664864667,156.4664062645715
4269.122275641461,-0.0004623635083712999,156.4664062645715
4280.028159920217,-0.00046645674849914897,156.4664062645715
4290.912553009544,-0.00047061205961247194,156.4664062645715
4301.775370607438,-0.00047482990172487355,156.4664062645715
4312.616532621042,-0.00047911072090714267,156.4664062645715
4323.435963243279,-0.0004834549480362024,156.4664062645715
4334.233591030551,-0.0004878629974648202,156.4664062645715
4345.009348981536,-0.0004923352656525102,156.4664062645715
4355.763174617055,-0.0004968721297148141,156.4664062645715
4366.4950100610295,-0.0005014739459336805,156.4664062645715
4377.204802122535,-0.0005061410482023704,156.5535909294287
4387.892502378924,-0.0005108737463767472,156.73348047513073
4398.558067260062,-0.0005156723246127041,157.30423158625345
4409.20145813361,-0.0005205370396027518,157.33475265624398
4419.822641391425,-0.0005254681187406799,157.4895970789479
4430.42158853701,-0.0005304657582427974,157.55976999314248
4440.998276274041,-0.0005355301211776242,157.49663049109105
4451.552686595953,-0.0005406613354530831,157.49663049109105
4462.0848068765745,-0.0005458594917009293,157.49663049109105
4472.594629961806,-0.0005511246411025039,158.183124473862
4483.082154262315,-0.0005564567931597916,158.50406288694404
4493.547383847251,-0.0005618559133744221,158.50406288694404
4503.990328538947,-0.0005673219208587793,158.50406288694404
4514.411004008601,-0.0005728546858734086,158.50406288694404
4524.809431872905,-0.0005784540273296746,158.50406288694404
4535.185639791611,-0.0005841197101631067,158.50406288694404
4545.539661565989,-0.0005898514426693905,158.50406288694404
4555.871537238181,-0.0005956488738086971,158.32678052563008
4566.181313191377,-0.0006015115903694108,158.32678052563008
4576.469042250818,-0.0006074391141262657,158.32678052563008
4586.734783785572,-0.0006134308989306051,158.32678052563008
4596.97860381104,-0.0006194863277173281,158.32678052563008
4607.200575092166,-0.0006256047094919757,158.33577920577144
4617.400777247288,-0.0006317852762511997,158.04701778692333
4627.579296852597,-0.000638027179847777,158.04701778692333
4637.736227547138,-0.0006443294888281398,158.04701778692333
4647.871670138318,-0.0006506911852474429,157.98453911535972
4657.985732707838,-0.0006571111614380877,157.99161416805
4668.078530718005,-0.0006635882167508629,157.9557077691768
4678.150187118355,-0.0006701210543049453,157.9557077691768
4688.2008324525095,-0.0006767082777136006,157.9152614820025
4698.230604965208,-0.0006833483878126922,157.9152614820025
4708.239650709416,-0.000690039779417664,157.54861587589295
4718.228123653454,-0.0006967807380701232,156.28166731732398
4728.196185788038,-0.0007035694368609166,156.28166731732398
4738.144007233162,-0.000710403933272894,156.28166731732398
4748.071766344706,-0.0007172821660375718,156.28166731732398
4757.979649820698,-0.000724201952156927,150.73027858433977
4767.8678528071105,-0.0007311609839544236,148.69393224842955
4777.736579003075,-0.0007381568261885569,146.58175887048893
4787.586040765435,-0.0007451869133512634,146.58175887048893
4797.416459212485,-0.0007522485470473681,146.58175887048893
4807.228064326803,-0.0007593388935507664,140.95389296416545
4817.02109505704,-0.0007664549815148631,125.53991718497723
4826.795799418526,-0.0007735936998461899,125.53991718497723
4836.552434592592,-0.000780751795809792,125.53991718497723
4846.291267024426,-0.0007879258733443196,124.74411883441958
4856.012572519357,-0.0007951123916203562,122.50884190280762
4865.716636337403,-0.0008023076638474842,121.89201748916913
4875.40375328594,-0.0008095078564213191,121.89201748916913
4885.07422781032,-0.000816708988279108,120.78797274429888
4894.728374082307,-0.0008239069306299376,120.78797274429888
4904.366516086149,-0.0008310974071150842,120.78797274429888
4913.988987702129,-0.0008382759942156063,120.78797274429888
4923.596132787415,-0.0008454381220705881,120.78797274429888
4933.188305254051,-0.0008525790757723106,120.78797274429888
4942.765869143918,-0.0008596939970925568,120.4258711994612
4952.329198700459,-0.0008667778865759,120.4258711994612
4961.878678437023,-0.0008738256061800627,119.14916528360918
4971.414703201636,-0.0008808318824503893,118.46560200174515
4980.937678237998,-0.0008877913100990711,118.25363283866277
4990.448019242552,-0.0008946983561618172,118.3598428557557
4999.946152417421,-0.0009015473647634454,118.62609005706338
5009.432514519045,-0.0009083325623449084,120.31052628611288
5018.907552902304,-0.0009150480634946939,120.31052628611288
5028.371725559991,-0.0009216878773990471,120.31052628611288
5037.825501157406,-0.0009282459148153634,122.18004972132076
5047.269359061925,-0.000934715995708389,123.3817238292141
5056.703789367349,-0.0009410918574172693,124.7844860700626
5066.129292912868,-0.0009473671634376456,125.69742640551799
5075.5463812964645,-0.0009535355128534784,125.783565807063
5084.955576882594,-0.0009595904502745588,128.08840879619564
5094.357412803973,-0.0009655254763722113,133.16796117686656
5103.752432957337,-0.0009713340590183184,150.28045534079348
5113.141191992998,-0.0009770096449320698,155.2029199432351
5122.5242552980735,-0.0009825456718617924,155.21990110863783
5131.902198973249,-0.00098793558126522,155.21990110863783
5141.275609802944,-0.0009931728314706166,154.97850819397482
5150.645085218766,-0.0009982509112764473,155.66093606070365
5160.0112332561475,-0.001003163353949712,155.82147115786537
5169.374672504068,-0.0010079037515962842,155.7268908761179
5178.736032047768,-0.0010124657698317306,155.7268908761179
5188.095951404388,-0.0010168431627653922,155.35085626084575
5197.455080451464,-0.0010210297881620757,155.60649409491754
5206.814079348236,-0.001025019622809072,155.10607638727433
5216.173618449724,-0.0010288067779516375,155.51021621977878
5225.534378213552,-0.0010323855147995485,155.04470976942824
5234.897049099515,-0.0010357502600574105,154.5677781211425
5244.262331461889,-0.0010388956212757045,154.5677781211425
5253.630935434505,-0.0010418164021345733,154.5677781211425
5263.003580808634,-0.0010445076175164471,154.5677781211425
5272.380996903712,-0.0010469645082457008,154.5677781211425
5281.763922430999,-0.0010491379232090998,154.5677781211425
5291.153105350233,-0.0010499677235554226,154.5677781211425
5300.549286952873,-0.0010475692520839916,154.5677781211425
5309.952850882308,-0.0010421341335805476,154.5677781211425
5319.3638091350385,-0.001035733822797051,154.5677781211425
5328.78214526622,-0.0010294219167751677,155.6164450381784
5338.207830502773,-0.0010232445305358218,155.26641314814398
5347.6408240883475,-0.0010172044579801831,155.59349778264047
5357.0810736265075,-0.001011304296833097,155.7268908761179
5366.528515422017,-0.00100554645834329,155.7617346594544
5375.983074820119,-0.000999933176792546,155.66093606070365
5385.444666543733,-0.0009944665188986507,154.97850819397482
5394.913195028483,-0.0009891483928815424,155.05962443887282
5404.388554755507,-0.0009839805573452051,155.21990110863783
5413.8706305820015,-0.0009789646299535484,155.06989923391515
5423.359298069438,-0.0009741020957282463,155.06407676490193
5432.854423809474,-0.0009693943151605788,150.28045534079348
5442.355865747497,-0.0009648425320704151,133.2097282992319
5451.863473503829,-0.0009604478811000597,128.08840879619564
5461.377088692584,-0.000956211394967742,127.77550816526353
5470.8965452382,-0.0009521340114204431,125.783565807063
5480.421669689654,-0.0009482165799176436,125.783565807063
5489.952281532413,-0.0009444598680271588,125.70630702714445
5499.488193498138,-0.000940864567465031,124.7844860700626
5509.029211872209,-0.0009374312998926495,123.99443496580079
5518.575136799099,-0.0009341606224751696,123.3817238292141
5528.125762585672,-0.0009310530330888555,122.34028646942684
5537.68087800247,-0.0009281089752099197,122.18004972132076
5547.240266583038,-0.000925328842617378,121.04010599484413
5556.803706921392,-0.0009227129837954295,120.54864224814483
5566.370972967688,-0.000920261705988527,120.31052628611288
5575.941834322175,-0.0009179752790950767,120.31052628611288
5585.51605652753,-0.000915853939223359,120.31052628611288
5595.093401359656,-0.0009138978919680954,120.31052628611288
5604.673627117048,-0.0009121073155316875,120.31052628611288
5614.2564889088135,-0.000910482363487637,120.31052628611288
5623.841738941444,-0.0009090231673339447,120.31052628611288
5633.4291268044635,-0.0009077298388066743,120.33363526360276
5643.01839975502,-0.0009066024719289449,120.33363526360276
5652.609303001574,-0.0009056411448184411,119.74854806743399
5662.201579986741,-0.0009048459212703807,119.51839755311656
5671.794972669444,-0.0009042168521390643,118.91270580816428
5681.389221806452,-0.0009037539764017784,118.91270580816428
5690.984067233436,-0.0009034573220032907,118.62609005706338
5700.5792481456565,-0.0009033269065447232,118.62609005706338
5710.174503378381,-0.0009033627377072323,118.62609005706338
5719.769571687157,-0.0009035648133933253,118.62609005706338
5729.364192028056,-0.000903933121672526,118.91270580816428
5738.958103837993,-0.0009044676405399196,119.51839755311656
5748.55104731525,-0.0009051683373842773,119.74854806743399
5758.142763700304,-0.0009060351682408121,120.33363526360276
5767.732995557082,-0.0009070680768398603,120.33363526360276
5777.321487054743,-0.0009082669933689708,120.31052628611288
5786.9079842501205,-0.0009096318330632608,120.31052628611288
5796.492235370918,-0.0009111624945161719,120.31052628611288
5806.073991099768,-0.0009128588577231617,120.31052628611288
5815.65300485927,-0.0009147207819617748,120.31052628611288
5825.229033098106,-0.0009167481033928451,120.31052628611288
5834.801835578342,-0.000918940632362609,120.31052628611288
5844.3711756640205,-0.0009212981504881937,120.31052628611288
5853.93682061112,-0.0009238204075254575,120.73941144529738
5863.498541859015,-0.0009265071179490451,122.18004972132076
5873.05611532349,-0.0009293579572190331,122.34028646942684
5882.609321691431,-0.0009323725578405693,123.3817238292141
5892.157946717252,-0.0009355505051587831,123.3817238292141
5901.701781521155,-0.0009388913328345319,124.7844860700626
5911.240622889294,-0.0009423945180780952,125.5154746387035
5920.774273575919,-0.0009460594765722923,125.79586914832271
5930.302542607565,-0.0009498855571353615,125.783565807063
5939.825245589343,-0.000953872036092571,125.783565807063
5949.342205013398,-0.000958018111337224,128.07994434339062
5958.853250569579,-0.0009623228961574324,133.2097282992319
5968.358219458356,-0.0009667854127003085,150.11983849266267
5977.856956706039,-0.0009714045851733343,150.28045534079348
5987.349315482305,-0.0009761792327946509,155.2029199432351
5996.835157420065,-0.000981108062381896,155.21990110863783
6006.314352937678,-0.0009861896607296122,155.21990110863783
6015.786781563516,-0.0009914224866675967,155.05962443887282
6025.252332262873,-0.000996804862816647,155.66093606070365
6034.710903767188,-0.0010023349671401155,155.77883014045207
6044.162404905571,-0.0010080108242023333,155.7268908761179
6053.606754938573,-0.0010138302961906263,155.7268908761179
6063.043883894158,-0.0010197910737002856,155.60649409491754
6072.473732905811,-0.0010258906662861619,155.10607638727433
6081.896254552691,-0.0010321263928470947,155.04470976942824
6091.31141320175,-0.0010384953718433002,154.5677781211425
6100.719185351698,-0.0010447147027999048,154.5677781211425
6110.119559978695,-0.0010490828679426173,154.5677781211425
6119.512640258261,-0.001049902906090968,154.5677781211425
6128.899033571072,-0.0010482558971281499,154.5677781211425
6138.279493030939,-0.001045934473813753,154.5677781211425
6147.6547626289885,-0.0010433760069536585,154.5677781211425
6157.025577045222,-0.001040585238276531,154.5677781211425
6166.392661508187,-0.0010375670261594519,154.5677781211425
6175.756731661668,-0.0010343264485898206,154.5677781211425
6185.118493438491,-0.0010308687882616577,155.04470976942824
6194.478642941503,-0.001027199517475686,155.51021621977878
6203.837866331756,-0.001023324282775142,155.10607638727433
6213.196839723953,-0.0010192488894856524,155.60649409491754
6222.5562290891385,-0.0010149792862171702,155.35085626084575
6231.916690164648,-0.0010105215493756692,155.7268908761179
6241.278868371311,-0.0010058818677697765,155.7617346594544
6250.643398737854,-0.0010010665272773274,155.77883014045207
6260.010905832496,-0.0009960818957675723,155.52907433306453
6269.38200370163,-0.0009909344083060638,155.05962443887282
6278.757295815581,-0.0009856305525352896,155.21990110863783
6288.1373750213115,-0.0009801768544754378,155.06989923391515
6297.52282350201,-0.0009745798647120018,155.2029199432351
6306.91421274346,-0.0009688461449723543,150.28045534079348
6316.3121035070535,-0.0009629822551829367,133.2097282992319
6325.717045809369,-0.0009569947409639135,128.07994434339062
6335.129578908131,-0.0009508901216897826,125.783565807063
6344.550231294473,-0.0009446748790794421,125.79586914832271
6353.9795206912995,-0.0009383554463177874,124.7844860700626
6363.417954057645,-0.0009319381977402981,123.3817238292141
6372.866027598838,-0.000925429439124216,122.18004972132076
6382.324226782314,-0.0009188353985707116,120.31052628611288
6391.793026358938,-0.0009121622179444732,120.31052628611288
6401.272890389609,-0.0009054159449531743,119.74854806743399
6410.764272277024,-0.0008986025258021447,118.62609005706338
6420.267614802404,-0.0008917277984351586,118.25363283866277
6429.783350166976,-0.0008847974863797669,118.25363283866277
6439.311900038083,-0.0008778171931365572,118.46560200174515
6448.853675599689,-0.0008707923971630271,119.14916528360918
6458.409077607116,-0.000863728447417767,120.4258711994612
6467.978496445837,-0.0008566305593982483,120.4258711994612
6477.5623121941135,-0.000849503811747587,120.78797274429888
6487.160894689336,-0.0008423531433521313,120.78797274429888
6496.774603597844,-0.000835183350902744,120.78797274429888
6506.403788488072,-0.0008279990869456673,120.78797274429888
6516.048788906832,-0.0008208048583850712,120.78797274429888
6525.709934458555,-0.0008136050254159858,120.78797274429888
6535.387544887342,-0.0008064038008165007,121.89201748916913
6545.081930161609,-0.000799205249658767,121.89201748916913
6554.793390561202,-0.0007920132894029785,122.50884190280762
6564.522216766787,-0.0007848316902891943,125.53991718497723
6574.268689951384,-0.0007776640760564292,125.53991718497723
6584.033081873854,-0.0007705139249717127,125.53991718497723
6593.815654974221,-0.0007633845711191565,129.4604778536536
6603.616662470641,-0.0007562792059554191,145.00925261844102
6613.436348457923,-0.0007492008800935514,146.58175887048893
6623.274948007402,-0.0007421525052871522,146.58175887048893
6633.132687268088,-0.000735136856636937,148.16315254523388
6643.009783568912,-0.000728156574947452,150.38502896986247
6652.906445521967,-0.0007212141692390377,153.08104207698668
6662.82287312661,-0.0007143120194244945,156.28166731732398
6672.759257874315,-0.0007074523790905179,156.28166731732398
6682.715782854154,-0.0007006373783935417,156.28166731732398
6692.692622858807,-0.0006938690270271483,156.74438571348466
6702.689944490981,-0.0006871492172968972,157.79714388970987
6712.707906270155,-0.0006804797272580718,157.9152614820025
6722.746658739533,-0.0006738622238618244,157.9557077691768
6732.806344573143,-0.0006672982661896937,157.9557077691768
6742.88709868296,-0.000660789308706653,157.99161416805
6752.989048325995,-0.0006543367045107446,157.98453911535972
6763.11231321126,-0.0006479417086004343,157.98453911535972
6773.25700560653,-0.0006416054811346809,158.04701778692333
6783.423230444843,-0.0006353290907171222,158.04701778692333
6793.611085430656,-0.0006291135176176164,158.33577920577144
6803.820661145605,-0.0006229596569762425,158.32678052563008
6814.052041153793,-0.0006168683220189837,158.32678052563008
6824.305302106567,-0.000610840247179611,158.32678052563008
6834.580513846726,-0.0006048760911971665,158.32678052563008
6844.8777395121,-0.0005989764401997606,158.32678052563008
6855.197035638452,-0.000593141810705994,158.50406288694404
6865.538452261691,-0.0005873726525508004,158.50406288694404
6875.902033019304,-0.0005816693518011616,158.50406288694404
6886.287815251016,-0.0005760322335909421,158.50406288694404
6896.695830098612,-0.0005704615648671285,158.50406288694404
6907.12610260491,-0.0005649575571110631,158.50406288694404
6917.5786518118375,-0.0005595203689617849,158.50406288694404
6928.0534908575955,-0.0005541501087868926,158.183124473862
6938.550627072879,-0.0005488468371904885,157.49663049109105
6949.07006207615,-0.0005436105694134184,157.49663049109105
6959.611791867901,-0.0005384412777054995,157.49663049109105
6970.175806923943,-0.0005333388936102658,157.49663049109105
6980.762092287658,-0.0005283033101657911,157.4895970789479
6991.370627661233,-0.0005233343840579636,157.4895970789479
7002.001387495841,-0.0005184319376809081,157.30423158625345
7012.654341080776,-0.0005135957611374962,157.3421753501515
7023.3294526315085,-0.0005088256141826879,156.73348047513073
7034.026681376692,-0.0005041212280702372,156.4664062645715
7044.745981644078,-0.0004994823073480715,156.4664062645715
7055.487302945349,-0.0004949085315976577,156.4664062645715
7066.250590059875,-0.0004903995570801776,156.4664062645715
7077.035783117375,-0.0004859550183404532,156.4664062645715
7087.842817679497,-0.0004815745297492321,156.4664062645715
7098.6716248203065,-0.00047725768696177997,156.4664062645715
7109.522131205696,-0.0004730040683354953,156.4664062645715
7120.394259171699,-0.00046881323628467775,156.4664062645715
7131.287926801736,-0.00046468473857510926,156.4664062645715
7142.203048002781,-0.00046061810956619925,156.4664062645715
7153.139532580456,-0.00045661287139442164,156.4664062645715
7164.097286313056,-0.0004526685351065199,156.4664062645715
7175.076211024531,-0.0004487846017421395,156.4664062645715
7186.076204656392,-0.00044496056336890155,156.4664062645715
7197.097161338605,-0.0004411959040628944,156.4664062645715
7208.138971459418,-0.0004374901008509584,156.4664062645715
7219.20152173419,-0.00043384262459269005,156.4664062645715
7230.2846952731825,-0.0004302529408442203,156.4664062645715
7241.38837164835,-0.00042672051066824685,156.4664062645715
7252.512426959147,-0.0004232447913789895,156.93805502885905
7263.656733897331,-0.0004198252372896645,156.93805502885905
7274.821161810799,-0.00041646130040240995,157.1812489492627
7286.00557676646,-0.00041315243105695176,157.1812489492627
7297.209841612155,-0.00040989807855303665,157.1812489492627
7308.433816037643,-0.000406697691734738,157.1812489492627
7319.677356634645,-0.0004035507195507038,157.1812489492627
7330.9403169559855,-0.00040045661157647603,157.1812489492627
7342.2225475738305,-0.00039741481850473595,157.5422239117553
7353.52389613702,-0.00039442479261506255,157.5422239117553
7364.844207427545,-0.0003914859882176791,157.5422239117553
7376.183323416146,-0.00038859786205761926,158.17859877117095
7387.541083317055,-0.00038575987370576535,159.19646952087953
7398.917323641919,-0.00038297148593441794,159.24669096894942
7410.311878252871,-0.0003802321650461578,159.24669096894942
7421.7245784148145,-0.00037754138119688933,159.29443386632337
7433.155252846892,-0.00037489860870698025,159.27243846885153
7444.603727773171,-0.00037230332633043104,159.27243846885153
7456.069826972567,-0.00036975501751959053,159.27243846885153
7467.553371827986,-0.0003672531706707049,159.27243846885153
7479.054181374746,-0.00036479727934834153,159.27243846885153
7490.572072348249,-0.0003623868425048511,159.27243846885153
7502.106859230937,-0.00036002136466627924,159.27243846885153
7513.658354298543,-0.00035770035610934413,159.27243846885153
7525.226367665644,-0.000355423333047696,159.27243846885153
7536.810707330539,-0.0003531898177724665,160.36124492818556
7548.411179219463,-0.0003509993387874179,160.36124492818556
7560.027587230123,-0.000348851430957171,160.36124492818556
7571.659733274627,-0.00034674563561206984,160.36124492818556
7583.30741732175,-0.00034468150066007395,160.36124492818556
7594.970437438608,-0.00034265858068947646,160.36124492818556
7606.648589831715,-0.0003406764370497907,160.36124492818556
7618.341668887447,-0.000338734637938409,160.61021867215175
7630.049467211935,-0.0003368327584702621,160.61021867215175
7641.771775670378,-0.00033497038074238166,160.61021867215175
7653.508383425818,-0.00033314709388715375,160.61021867215175
7665.2590779773545,-0.0003313624941211858,160.61021867215175
7677.023645197837,-0.00032961618479972047,160.61021867215175
7688.80186937103,-0.0003279077764427812,160.61021867215175
7700.593533228281,-0.0003262368867619786,160.61021867215175
7712.398417984683,-0.00032460314069670247,160.61021867215175
7724.216303374753,-0.00032300617043387814,160.9400685972669
7736.046967687637,-0.00032144561542167,160.9400685972669
7747.890187801854,-0.00031992112237717494,160.9400685972669
7759.745739219589,-0.00031843234529928076,160.9400685972669
7771.613396100537,-0.0003169789454742409,160.49165104105896
7783.492931295325,-0.00031556059147397174,160.49165104105896
7795.384116378516,-0.00031417695915392734,160.49165104105896
7807.286721681195,-0.00031282773164140784,160.04970238787197
7819.200516323162,-0.00031151259934107786,159.03117921400087
7831.125268244744,-0.0003102312599197096,155.56322686828258
7843.0607442382125,-0.00030898341828055015,155.16177034908395
7855.00670997885,-0.0003077687865641965,155.04389029857862
7866.962930055648,-0.0003065870841317842,154.56063056090758
7878.92916800166,-0.0003054380375373822,152.78904496339186
7890.905186324025,-0.00030432138051158007,151.87744377095692
7902.890746533642,-0.000303236853945311,149.1860908187518
7914.8856091745565,-0.00030218420586661135,148.91617874067992
7926.889533852999,-0.00030116319141477104,147.96211197362504
7938.902279266168,-0.0003001735728156915,147.6889471621225
7950.923603230678,-0.00029921511936325797,144.1326248048907
7962.953262710765,-0.00029828760739315866,142.76501431112925
7974.991013846193,-0.0002973908202529093,142.7953381506557
7987.0366119799055,-0.0002965245482796893,143.2286337911999
7999.089811685433,-0.00029568858877447666,142.82478188894657
8011.150366794038,-0.00029488274597673953,142.1388433973955
8023.218030421631,-0.00029410683103971803,138.48933255706567
8035.292554995468,-0.0002933606619989139,135.08787355539644
8047.373692280606,-0.0002926440637555288,117.4383213669249
8059.4611934061695,-0.00029195686804903967,110.36938010282267
8071.554808891408,-0.0002912989134209262,109.96994645379387
8083.6542886715515,-0.00029067004520480787,109.96994645379387
8095.759382123487,-0.0002900701155013142,109.96994645379387
8107.8698380912565,-0.0002894989831470265,109.96994645379387
8119.985404911388,-0.00028895651369453324,108.22446542240296
8132.105830438064,-0.0002884425793936026,107.91150587687716
8144.230862068128,-0.0002879570591722302,107.91150587687716
8156.360246765964,-0.0002874998386094062,107.91150587687716
8168.493731088213,-0.0002870708099140505,107.91150587687716
8180.631061208393,-0.00028666987191504166,107.91150587687716
8192.771982941364,-0.0002862969300441886,107.91150587687716
8204.916241767705,-0.00028595189631032365,107.67231035028387
8217.063582857973,-0.0002856346892865546,107.67231035028387
8229.213751096853,-0.000285345234100462,108.1477554611406
8241.36649110725,-0.0002850834624146523,108.1477554611406
8253.521547274264,-0.0002848493124206674,108.73377655261507
8265.678663769108,-0.0002846427288243037,108.75941570461488
8277.83758457295,-0.0002844636628280979,108.92284385591103
8289.998053500702,-0.0002843120721346817,109.03686294426849
8302.159814224755,-0.00028418792093468326,109.18193052213209
8314.32261029866,-0.0002840911798953304,109.21876545756984
8326.486185180782,-0.00028402182615920997,109.21876545756984
8338.650282257926,-0.00028397984334000456,109.21876545756984
8350.814644868919,-0.0002839652215161019,109.21876545756984
8362.979016328205,-0.0002839779572323025,109.21876545756984
8375.143139949418,-0.0002840180534991699,109.21876545756984
8387.306759068948,-0.00028408551979149663,109.21876545756984
8399.469617069533,-0.0002841803720502829,109.21876545756984
8411.631457403848,-0.0002843026326849607,109.18193052213209
8423.792023618122,-0.0002844523305828255,109.03686294426849
8435.951059375793,-0.00028462950110716775,108.92284385591103
8448.108308481187,-0.0002848341861066839,108.73377655261507
8460.263514903249,-0.00028506643393065264,108.73377655261507
8472.416422799322,-0.0002853262994270159,108.1477554611406
8484.566776538999,-0.0002856138439527281,108.1477554611406
8496.714320728013,-0.00028592913539513296,107.67231035028387
8508.85880023224,-0.0002862722481765726,107.91150587687716
8520.999960201747,-0.0002866432632684625,107.91150587687716
8533.137546094962,-0.0002870422682099642,107.91150587687716
8545.271303702923,-0.00028746935712012947,107.91150587687716
8557.40097917363,-0.0002879246307126049,107.91150587687716
8569.526319036533,-0.0002884081963160296,107.91150587687716
8581.647070227105,-0.0002889201678966655,108.22446542240296
8593.762980111584,-0.0002894606660694796,109.96994645379387
8605.873796511816,-0.00029002981812146215,109.96994645379387
8617.979267730272,-0.0002906277580386045,109.96994645379387
8630.079142575198,-0.0002912546265203709,109.96994645379387
8642.173170385924,-0.00029191057100151304,110.0948310086554
8654.26110105837,-0.00029259574568179906,117.4383213669249
8666.34268507069,-0.0002933103115475635,134.4876430513242
8678.417673509128,-0.0002940544363911407,138.61084318378437
8690.485818094066,-0.00029482829483871206,142.1388433973955
8702.546871206252,-0.0002956320683815661,142.82478188894657
8714.600585913271,-0.0002964659453934424,143.2286337911999
8726.646715996205,-0.00029733012115437337,142.7953381506557
8738.68501597654,-0.0002982247978841937,142.7953381506557
8750.715241143304,-0.0002991501847656514,142.76501431112925
8762.737147580438,-0.0003001064979664817,146.6790128564092
8774.750492194444,-0.00030109396066821387,147.85571426969707
8786.755032742274,-0.00030211280309386154,148.67101558995114
8798.750527859505,-0.00030316326252529123,148.91617874067992
8810.736737088782,-0.0003042455833344846,150.44235480986927
8822.713420908562,-0.00030536001700472826,152.54763678450266
8834.680340762152,-0.00030650682215028666,153.1632361088928
8846.637259087056,-0.0003076862645466029,154.56063056090758
8858.583939344642,-0.00030889861714308625,154.98134635104012
8870.520146050136,-0.00031014416008408026,155.16177034908395
8882.445644802943,-0.0003114231807316098,155.56322686828258
8894.36020231734,-0.00031273597367834056,159.03117921400087
8906.263586453499,-0.0003140828407615458,160.04970238787197
8918.155566248886,-0.00031546409107725555,160.49165104105896
8930.035911950057,-0.00031688004099292847,160.49165104105896
8941.9043950448,-0.00031833101415220283,160.9400685972669
8953.760788294714,-0.0003198173414802074,160.9400685972669
8965.60486576818,-0.0003213393611906567,160.9400685972669
8977.436402873747,-0.00032289741878349643,160.9400685972669
8989.255176393952,-0.00032449186703541335,160.9400685972669
9001.06096451958,-0.0003261230659978576,160.61021867215175
9012.853546884377,-0.00032779138298842853,160.61021867215175
9024.632704600224,-0.0003294971925668242,160.61021867215175
9036.398220292782,-0.0003312408765192928,160.61021867215175
9048.149878137618,-0.0003330228238336978,160.61021867215175
9059.88746389684,-0.0003348434306666042,160.61021867215175
9071.610764956225,-0.00033670310030746887,160.61021867215175
9083.319570362883,-0.00033860224313288006,160.61021867215175
9095.013670863425,-0.0003405412765654193,160.36124492818556
9106.692858942706,-0.00034252062501461414,160.36124492818556
9118.356928863093,-0.0003445407198041587,160.36124492818556
9130.005676704326,-0.00034660199911200904,160.36124492818556
9141.638900403936,-0.00034870490789455487,160.36124492818556
9153.256399798267,-0.00035084989778223357,160.36124492818556
9164.8579766641,-0.00035303742699040836,160.36124492818556
9176.443434760882,-0.0003552679602210409,159.27243846885153
9188.012579873606,-0.0003575419685289223,159.27243846885153
9199.56521985631,-0.0003598599291992201,159.27243846885153
9211.101164676238,-0.00036222232561070316,159.27243846885153
9222.620226458677,-0.00036462964707495037,159.27243846885153
9234.122219532459,-0.00036708238867725723,159.27243846885153
9245.606960476163,-0.00036958105109205367,159.27243846885153
9257.074268165024,-0.000372126140384012,159.27243846885153
9268.523963818563,-0.0003747181678088375,159.27243846885153
9279.955871048936,-0.0003773576495825011,159.29443386632337
9291.369815910048,-0.00038004510663252624,159.24669096894942
9302.765626947406,-0.0003827810643460725,159.24669096894942
9314.143135248763,-0.00038556605228702736,159.19646952087953
9325.502174495532,-0.00038840060389601957,158.17859877117095
9336.842581014997,-0.0003912852561713596,157.5422239117553
9348.164193833352,-0.0003942205493292964,157.5422239117553
9359.466854729553,-0.00039720702644401647,157.5422239117553
9370.750408290001,-0.00040024523305088445,157.1812489492627
9382.014701964095,-0.0004033357167424962,157.1812489492627
9393.259586120626,-0.0004064790267323857,157.1812489492627
9404.48491410507,-0.0004096757133842846,157.1812489492627
9415.690542297758,-0.0004129263277235922,157.1812489492627
9426.876330172945,-0.0004162314209135875,157.1812489492627
9438.042140358804,-0.00041959154370443307,156.93805502885905
9449.18783869834,-0.00042300724584870054,156.93805502885905
9460.313294311249,-0.00042647907548159255,156.4664062645715
9471.418379656718,-0.0004300075784713282,156.4664062645715
9482.502970597197,-0.000433593297726323,156.4664062645715
9493.566946463148,-0.0004372367724710541,156.4664062645715
9504.610190118761,-0.00044093853748967103,156.4664062645715
9515.632588028688,-0.00044469912230981576,156.4664062645715
9526.634030325768,-0.0004485190503562744,156.4664062645715
9537.614410879774,-0.00045239883807029465,156.4664062645715
9548.573627367188,-0.0004563389939682231,156.4664062645715
9559.511581341994,-0.000460340017659888,156.4664062645715
9570.428178307544,-0.000464402398822102,156.4664062645715
9581.323327789443,-0.00046852661611929407,156.4664062645715
9592.196943409515,-0.0004727131360731026,156.4664062645715
9603.04894296082,-0.0004769624118809203,156.4664062645715
9613.879248483741,-0.0004812748821786146,156.4664062645715
9624.687786343162,-0.00048565096974780854,156.4664062645715
9635.474487306707,-0.0004900910801739027,156.4664062645715
9646.239286624072,-0.0004945956004260118,156.4664062645715
9656.982124107442,-0.0004991648973926072,156.4664062645715
9667.702944212991,-0.0005037993163627972,156.4664062645715
9678.401696123476,-0.0005084991794170102,156.73348047513073
9689.078333831905,-0.0005132647837792014,157.3421753501515
9699.732816226315,-0.000518096400095406,157.30423158625345
9710.3651071756,-0.0005229942706368446,157.4895970789479
9720.975175616439,-0.0005279586074529709,157.4895970789479
9731.562995641289,-0.0005329895904375436,157.49663049109105
9742.128546587443,-0.0005380873653348559,157.49663049109105
9752.671813127137,-0.0005432520416810243,157.49663049109105
9763.192785358715,-0.0005484836906595077,157.49663049109105
9773.691458898804,-0.0005537823428974706,158.183124473862
9784.16783497554,-0.0005591479861891705,158.50406288694404
9794.621920522764,-0.0005645805631417602,158.50406288694404
9805.053728275223,-0.0005700799687568775,158.50406288694404
9815.463276864723,-0.0005756460479426868,158.50406288694404
9825.85059091723,-0.0005812785929471703,158.50406288694404
9836.215701150897,-0.0005869773407237094,158.50406288694404
9846.558644474957,-0.0005927419702466419,158.50406288694404
9856.8794640895,-0.0005985720997424336,158.32678052563008
9867.178209586069,-0.0006044672838553154,158.32678052563008
9877.454937049048,-0.0006104270107656984,158.32678052563008
9887.709709157813,-0.0006164506992421838,158.32678052563008
9897.942595289596,-0.0006225376956413135,158.32678052563008
9908.153671623017,-0.000628687270846382,158.33577920577144
9918.343021242246,-0.0006348986171705905,158.04701778692333
9928.510734241745,-0.0006411708452199282,158.04701778692333
9938.656907831524,-0.0006475029806960848,157.98453911535972
9948.781646442869,-0.0006538939611937573,157.98453911535972
9958.885061834475,-0.0006603426329659474,157.99161416805
9968.967273198918,-0.0006668477476527757,157.9557077691768
9979.028407269407,-0.0006734079590281627,157.9557077691768
9989.068598426737,-0.0006800218197284695,157.9152614820025
9999.087988806368,-0.0006866877779812972,157.79714388970987
10009.08672840556,-0.0006934041743695698,156.74438571348466
10019.064975190455,-0.0007001692386113623,156.28166731732398
10029.022895203061,-0.0007069810863764669,156.28166731732398
10038.96066266801,-0.0007138377161563368,156.28166731732398
10048.878460099002,-0.0007207370062005015,153.08104207698668
10058.776478404845,-0.0007276767115300681,150.38502896986247
10068.654916994976,-0.0007346544610288051,148.16315254523388
10078.513983884364,-0.0007416677546577931,146.58175887048893
10088.353895797662,-0.0007487139607882726,146.58175887048893
10098.174878272517,-0.0007557903136569187,145.00925261844102
10107.97716576189,-0.000762893910997637,129.4604778536536
10117.76100173527,-0.000770021711840233,125.53991718497723
10127.526638778665,-0.0007771705344987911,125.53991718497723
10137.274338693194,-0.0007843370547736386,125.53991718497723
10147.004372592186,-0.0007915178043790852,122.50884190280762
10156.717020996612,-0.0007987091696405255,121.89201748916913
10166.412573928706,-0.000805907390453381,121.89201748916913
10176.09133100364,-0.0008131085595258907,121.36275098174242
10185.75360151906,-0.0008203086219530877,120.78797274429888
10195.39970454237,-0.0008275033751358669,120.78797274429888
10205.029968995554,-0.0008346884690414338,120.78797274429888
10214.644733737403,-0.0008418594068461411,120.78797274429888
10224.244347642963,-0.0008490115459934497,120.78797274429888
10233.829169680024,-0.0008561400996671831,120.78797274429888
10243.399568982488,-0.0008632401387234728,120.4258711994612
10252.95592492043,-0.0008703065940681042,120.2035525645016
10262.498627166671,-0.000877334259523639,119.14916528360918
10272.02807575969,-0.000884317795223322,118.38452537239408
10281.544681162679,-0.0008912517314967368,118.25363283866277
10291.048864318569,-0.0008981304733022849,118.62609005706338
10300.54105670084,-0.0009049483052213907,119.74854806743399
10310.021700359921,-0.0009116993970075406,120.31052628611288
10319.491247965016,-0.0009183778097083877,120.31052628611288
10328.950162841156,-0.0009249775023835639,121.04010599484413
10338.398919001307,-0.0009314923394094191,123.34708073988357
10347.838001173346,-0.000937916098368844,123.99443496580079
10357.267904821741,-0.0009442424785481461,125.70630702714445
10366.689136163759,-0.0009504651100298918,125.783565807063
10376.10221218002,-0.0009565775633720737,127.77550816526353
10385.507660619262,-0.0009625733598606527,133.2097282992319
10394.906019997125,-0.0009684459823492379,150.0676131780752
10404.29783958883,-0.0009741888866422395,155.06407676490193
10413.683679415588,-0.0009797955134158828,155.06989923391515
10423.064110224617,-0.000985259300660691,155.21990110863783
10432.439713462614,-0.0009905736965961005,155.05962443887282
10441.811081242586,-0.0009957321730560626,154.97850819397482
10451.178816303902,-0.0010007282393004319,155.66093606070365
10460.54353196549,-0.00100555545619763,155.7617346594544
10469.90585207206,-0.0010102074507559954,155.7268908761179
10479.26641093329,-0.0010146779309567584,155.7268908761179
10488.625853255913,-0.0010189607008261033,155.59349778264047
10497.984834068597,-0.0010230496757104414,155.26641314814398
10507.344018639667,-0.0010269388976885973,155.10607638727433
10516.704082387547,-0.0010306225510563825,155.6164450381784
10526.065710783954,-0.0010340949778304548,155.04470976942824
10535.429599249837,-0.0010373506932132533,154.5677781211425
10544.796453044066,-0.001040384400937474,154.5677781211425
10554.166987144907,-0.0010431910084233668,154.5677781211425
10563.541926124313,-0.00104576564169212,154.5677781211425
10572.922004015118,-0.001048103659951775,154.5677781211425
10582.307964171168,-0.0007866001308607424,124.74411883441958
10591.700559120534,-0.0005245250215791602,157.4895970789479
